{
  "API_SEM_ACQUIRE_TIMEOUT_S": 30,
  "BTC_VOL_HI": 0.753777980804443,
  "BT_META_REPLAY_ENABLED": false,
  "CORR_GUARD_ENABLED": false,
  "CORR_LOOKBACK_BARS": 500,
  "CORR_MAX_AVG": 0.9,
  "CORR_METHOD": "spearman",
  "CORR_SIZING_ENABLED": false,
  "CORR_SIZING_HI": 1.0,
  "CORR_SIZING_LO": 0.7,
  "CORR_SIZING_RHO_HI": 0.9,
  "CORR_SIZING_RHO_LO": 0.6,
  "CORR_TIMEFRAME": "1h",
  "DEBUG_SCORE_META_ON_REJECT": true,
  "DEBUG_SIGNAL_DIAG": true,
  "DEDUP_WINDOW_HOURS": 2,
  "DON_N_DAYS": 20,
  "DYN_MACD_HIST_THRESH": 0.0,
  "ETH_BAROMETER_ENABLED": false,
  "FINAL_TP_ENABLED": true,
  "FIXED_RISK_CASH": 100.0,
  "FUNDING_LOOKBACK_DAYS": 7,
  "FUNDING_UPSAMPLE_TO_5M": true,
  "GOV_CTX_DAYS_5M": 90,
  "LIQ_MIN_24H_USD": 500000,
  "MAX_LEVERAGE": 10.0,
  "META_EXPORT_DIR": "/root/apps/donch/results/meta_export_pstar_042",
  "META_GATE_FAIL_CLOSED": false,
  "META_GATE_SCOPE": "all",
  "META_PROB_GATE_ENABLED": false,
  "META_PROB_THRESHOLD": 0.42,
  "META_REQUIRED": true,
  "META_SCHEMA_DIAG_SYMBOLS": "BTCUSDT,ETHUSDT",
  "META_SIZING_CURVE_PATH": null,
  "META_SIZING_ENABLED": true,
  "META_SIZING_FAIL_CLOSED": true,
  "META_SIZING_MAX": 2.0,
  "META_SIZING_MIN": 1.0,
  "META_SIZING_P0": 0.42,
  "META_SIZING_P1": 0.9,
  "MIN_TRADE_AUTOPAD_CAP_USD": 5.0,
  "MIN_TRADE_AUTOPAD_ENABLED": false,
  "MIN_WINPROB_TO_TRADE": null,
  "NOTIONAL_CAP_PCT_OF_EQUITY": 1.0,
  "OHLCV_DISK_CACHE_ENABLED": true,
  "OHLCV_DISK_CACHE_SQLITE": "results/runtime/ohlcv_cache.sqlite",
  "OHLCV_DISK_CACHE_TFS": [
    "5m"
  ],
  "OHLCV_DISK_FLUSH_BARS": 12,
  "OHLCV_DISK_KEEP_BARS": 20000,
  "OHLCV_DISK_LOAD_BARS": 15000,
  "OHLCV_PAGE_LIMIT_LOW_TF_MAX": 1000,
  "OI_FUNDING_FEATURES_ENABLED": true,
  "OI_LOOKBACK_DAYS": 7,
  "OI_TIMEFRAME": "5m",
  "PARTIAL_TP_ENABLED": false,
  "REGIMES_REPORT_PATH": "/root/apps/donch/results/meta_export_pstar_042/regimes_report.json",
  "REGIME_BLOCK_WHEN_DOWN": false,
  "REGIME_DOWNSIZE_MULT": 1.0,
  "REGIME_SIZE_WHEN_DOWN": 0.2,
  "RISK_EQUITY_PCT": 0.01,
  "RISK_MODE": "fixed",
  "RISK_OFF_PROBE_MULT": 0.25,
  "RISK_PCT": 0.01,
  "RISK_USD": 100.0,
  "RISK_USD_MAX": 200.0,
  "RS_MIN_PERCENTILE": 70,
  "SCAN_INTERVAL_SEC": 60,
  "SL_ATR_MULT": 2.0,
  "STRATEGY_SPEC_PATH": "strategies/donch_pullback_long.yaml",
  "SYMBOL_COOLDOWN_HOURS": 4,
  "TIME_EXIT_HOURS": 72,
  "TIME_EXIT_HOURS_ENABLED": true,
  "TRAIL_DISTANCE_ATR_MULT": 0.0,
  "UNIVERSE_CACHE_ENABLED": true,
  "UNIVERSE_CACHE_PATH": "universe_cache.json",
  "UNIVERSE_CACHE_REQUIRE_SYMBOLS_MATCH": true,
  "UNIVERSE_CACHE_TTL_MIN": 1440,
  "UNIVERSE_CTX_REFRESH_MIN": 1440,
  "VOL_CAP_BARS": 15000,
  "VWAP_STACK_SIZING_ENABLED": false,
  "WINPROB_ARTIFACT_DIR": "/root/apps/donch/results/meta_export_pstar_042",
  "WINPROB_MAX_MULTIPLIER": 1.6,
  "WINPROB_MIN_MULTIPLIER": 0.8,
  "WINPROB_MODEL_DIR": "/root/apps/donch/results/meta_export_pstar_042",
  "WINPROB_PROB_CAP": 0.9,
  "WINPROB_PROB_FLOOR": 0.42,
  "WINPROB_SIZING_ENABLED": true
}
