symbol,pullback_type,entry_rule,don_break_len,regime_up,trades,win_rate_pct,profit_factor,avg_pnl,median_pnl,avg_pnl_R,median_pnl_R
1000000BABYDOGEUSDT,retest,close_above_break,20,True,4.0,50.0,3.8548130457963,14.691709922135507,14.70730879325794,1.4691709922135507,1.470730879325794
1000000CHEEMSUSDT,retest,close_above_break,20,True,5.0,80.0,9.288813635458602,16.9428075295263,10.17645548864231,1.6942807529526296,1.0176455488642309
1000000MOGUSDT,retest,close_above_break,20,True,6.0,50.0,5.5156195332779046,16.27388160713362,19.21551248703218,1.6273881607133622,1.9215512487032178
1000000PEIPEIUSDT,retest,close_above_break,20,True,4.0,75.0,9.612580461549754,21.890162627892693,28.967151902991965,2.189016262789269,2.8967151902991963
10000LADYSUSDT,retest,close_above_break,20,True,2.0,0.0,0.0,-6.256732873163161,-6.256732873163161,-0.625673287316316,-0.625673287316316
10000QUBICUSDT,retest,close_above_break,20,True,6.0,16.666666666666664,0.5346284905221825,-3.9951405655867718,-10.291973045454448,-0.39951405655867706,-1.0291973045454448
10000SATSUSDT,retest,close_above_break,20,True,4.0,25.0,1.288277296883039,2.218972873399322,-10.206399391291523,0.22189728733993236,-1.0206399391291523
10000WENUSDT,retest,close_above_break,20,True,2.0,100.0,,5.986158517159356,5.986158517159356,0.5986158517159357,0.5986158517159357
10000WHYUSDT,retest,close_above_break,20,True,1.0,0.0,0.0,-10.10543659331232,-10.10543659331232,-1.010543659331232,-1.010543659331232
1000BONKUSDT,retest,close_above_break,20,True,3.0,100.0,,29.6104525693972,28.74395401542013,2.9610452569397196,2.874395401542013
1000BTTUSDT,retest,close_above_break,20,True,3.0,66.66666666666666,4.346053900331328,12.019764385232344,20.787038415961803,1.2019764385232348,2.0787038415961803
1000CATUSDT,retest,close_above_break,20,True,1.0,100.0,,39.810217436257815,39.810217436257815,3.9810217436257807,3.9810217436257807
1000FLOKIUSDT,retest,close_above_break,20,True,3.0,100.0,,39.696460011842056,39.73143556000818,3.9696460011842056,3.973143556000818
1000LUNCUSDT,retest,close_above_break,20,True,3.0,33.33333333333333,1.150049208693695,1.0437382918863882,-10.429306990400796,0.10437382918863876,-1.0429306990400795
1000NEIROCTOUSDT,retest,close_above_break,20,True,2.0,50.0,3.915720706737876,14.840952163693705,14.840952163693705,1.4840952163693706,1.4840952163693706
1000PEPEUSDT,retest,close_above_break,20,True,3.0,66.66666666666666,7.770357320186263,23.057512889604492,39.67097249811536,2.305751288960449,3.9670972498115353
1000RATSUSDT,retest,close_above_break,20,True,4.0,50.0,0.9566698580004364,-0.2205932691456698,-0.8856890683765961,-0.022059326914567023,-0.08856890683765956
1000TOSHIUSDT,retest,close_above_break,20,True,5.0,60.0,5.8862651673566475,19.829767531724002,39.74479525603002,1.9829767531724003,3.9744795256030025
1000TURBOUSDT,retest,close_above_break,20,True,1.0,100.0,,39.69025515225879,39.69025515225879,3.969025515225879,3.969025515225879
1000XUSDT,retest,close_above_break,20,True,6.0,50.0,3.920776198035593,14.833959495048484,14.81010571365452,1.4833959495048485,1.4810105713654522
1INCHUSDT,retest,close_above_break,20,True,3.0,33.33333333333333,1.8913090633505873,6.216358781427071,-10.455639944310096,0.6216358781427069,-1.0455639944310096
A8USDT,retest,close_above_break,20,True,1.0,100.0,,39.885339815128326,39.885339815128326,3.9885339815128327,3.9885339815128327
AAVEUSDT,retest,close_above_break,20,True,4.0,50.0,2.7888297889011526,9.15511882342052,3.6772447993161688,0.915511882342052,0.36772447993161705
ACHUSDT,retest,close_above_break,20,True,2.0,50.0,3.9463773705278147,14.875360218794462,14.875360218794462,1.4875360218794462,1.4875360218794462
ADAUSDT,retest,close_above_break,20,True,7.0,71.42857142857143,6.321987787640341,15.798406950502967,6.214130204424633,1.5798406950502966,0.6214130204424633
AERGOUSDT,retest,close_above_break,20,True,2.0,100.0,,39.88276338185069,39.88276338185069,3.9882763381850688,3.9882763381850688
AEROUSDT,retest,close_above_break,20,True,6.0,33.33333333333333,1.383449518056583,2.6128942111947544,-10.181715978342378,0.2612894211194754,-1.0181715978342378
AEVOUSDT,retest,close_above_break,20,True,3.0,66.66666666666666,7.775893060791991,22.999047203936698,39.55650951182221,2.2999047203936698,3.955650951182221
AGLDUSDT,retest,close_above_break,20,True,2.0,0.0,0.0,-10.211629826765346,-10.211629826765346,-1.0211629826765347,-1.0211629826765347
AI16ZUSDT,retest,close_above_break,20,True,1.0,100.0,,39.80557508281879,39.80557508281879,3.980557508281879,3.980557508281879
AIOZUSDT,retest,close_above_break,20,True,2.0,50.0,2.264685283281265,6.4168288172478665,6.4168288172478665,0.6416828817247867,0.6416828817247867
AIUSDT,retest,close_above_break,20,True,3.0,33.33333333333333,1.941765252180528,6.396394877376835,-10.172516336128975,0.6396394877376834,-1.0172516336128976
AIXBTUSDT,retest,close_above_break,20,True,6.0,33.33333333333333,2.158969952466721,7.123053155930173,-8.241012621751738,0.7123053155930172,-0.8241012621751739
AKTUSDT,retest,close_above_break,20,True,3.0,66.66666666666666,7.763956409590765,22.96003018881932,39.45530443152868,2.2960030188819323,3.945530443152868
ALCHUSDT,retest,close_above_break,20,True,5.0,40.0,1.729582753342188,4.435688749831625,-10.054951553815709,0.4435688749831625,-1.0054951553815707
ALEOUSDT,retest,close_above_break,20,True,3.0,0.0,0.0,-8.933807027256792,-10.141968950394324,-0.8933807027256794,-1.0141968950394324
ALGOUSDT,retest,close_above_break,20,True,4.0,75.0,11.313032416323754,27.04403023407965,39.526089021024774,2.704403023407965,3.9526089021024777
ALICEUSDT,retest,close_above_break,20,True,2.0,50.0,1.3407037080190218,1.7556766935848058,1.7556766935848058,0.17556766935848056,0.17556766935848056
ALTUSDT,retest,close_above_break,20,True,2.0,0.0,0.0,-5.1074070831403375,-5.1074070831403375,-0.5107407083140336,-0.5107407083140336
ALUUSDT,retest,close_above_break,20,True,1.0,0.0,0.0,-10.125378394644244,-10.125378394644244,-1.0125378394644244,-1.0125378394644244
ANIMEUSDT,retest,close_above_break,20,True,4.0,25.0,1.2958334870458843,2.2669794997038646,-10.187187502686143,0.22669794997038634,-1.0187187502686144
ANKRUSDT,retest,close_above_break,20,True,6.0,16.666666666666664,0.7642395621473892,-2.0240818288391607,-10.261813014035468,-0.20240818288391602,-1.0261813014035468
APEUSDT,retest,close_above_break,20,True,4.0,50.0,2.670205109716121,8.68228971165842,2.7694861182018222,0.868228971165842,0.2769486118201824
API3USDT,retest,close_above_break,20,True,5.0,60.0,4.373182372475045,13.737834641875793,9.844621424411148,1.3737834641875797,0.9844621424411149
APTUSDT,retest,close_above_break,20,True,2.0,0.0,0.0,-5.770059578527319,-5.770059578527319,-0.5770059578527319,-0.5770059578527319
ARBUSDT,retest,close_above_break,20,True,3.0,66.66666666666666,2.8967856949323973,6.510165708023884,14.380594274665158,0.6510165708023885,1.438059427466516
ARCUSDT,retest,close_above_break,20,True,2.0,50.0,3.9319737278726583,14.85124284479636,14.85124284479636,1.4851242844796366,1.4851242844796366
ARKMUSDT,retest,close_above_break,20,True,2.0,50.0,1.3901543027523857,1.9945721887513956,1.9945721887513956,0.19945721887513956,0.19945721887513956
ARPAUSDT,retest,close_above_break,20,True,1.0,0.0,0.0,-10.34364996870533,-10.34364996870533,-1.034364996870533,-1.034364996870533
ARUSDT,retest,close_above_break,20,True,4.0,50.0,3.8499408289052255,14.667609178632478,14.637044627827049,1.4667609178632475,1.4637044627827045
ASTRUSDT,retest,close_above_break,20,True,2.0,0.0,0.0,-10.537467733840153,-10.537467733840153,-1.0537467733840156,-1.0537467733840156
ATHUSDT,retest,close_above_break,20,True,4.0,25.0,1.286232030288332,2.208110745425895,-10.217645862933441,0.22081107454258936,-1.0217645862933442
ATOMUSDT,retest,close_above_break,20,True,4.0,50.0,2.8268216997330278,9.532794657239318,4.542840246419972,0.9532794657239317,0.45428402464199713
AUCTIONUSDT,retest,close_above_break,20,True,7.0,42.857142857142854,2.895641013816462,11.13635734606127,-10.134322250267711,1.113635734606127,-1.013432225026771
AUDIOUSDT,retest,close_above_break,20,True,1.0,0.0,0.0,-10.260241319953916,-10.260241319953916,-1.0260241319953916,-1.0260241319953916
AUSDT,retest,close_above_break,20,True,3.0,33.33333333333333,1.4299305848683528,3.001945695478547,-10.439559315302466,0.3001945695478545,-1.043955931530247
AVAILUSDT,retest,close_above_break,20,True,1.0,0.0,0.0,-10.110884340926685,-10.110884340926685,-1.0110884340926685,-1.0110884340926685
AVAXUSDT,retest,close_above_break,20,True,4.0,50.0,3.1279872624803398,11.07529115166809,7.540602920014846,1.107529115166809,0.7540602920014847
AVLUSDT,retest,close_above_break,20,True,1.0,0.0,0.0,-10.118910864142167,-10.118910864142167,-1.011891086414217,-1.011891086414217
AWEUSDT,retest,close_above_break,20,True,1.0,0.0,0.0,-8.18292049169219,-8.18292049169219,-0.818292049169219,-0.818292049169219
AXSUSDT,retest,close_above_break,20,True,4.0,25.0,0.7033033984859083,-2.3110133792651872,-10.374763978650387,-0.23110133792651855,-1.0374763978650385
B3USDT,retest,close_above_break,20,True,1.0,0.0,0.0,-5.036659127297481,-5.036659127297481,-0.5036659127297481,-0.5036659127297481
BABYUSDT,retest,close_above_break,20,True,1.0,0.0,0.0,-10.184947434939508,-10.184947434939508,-1.0184947434939509,-1.0184947434939509
BAKEUSDT,retest,close_above_break,20,True,1.0,0.0,0.0,-0.0561438010047988,-0.0561438010047988,-0.0056143801004798,-0.0056143801004798
BANANAS31USDT,retest,close_above_break,20,True,1.0,100.0,,13.91201788202194,13.91201788202194,1.391201788202194,1.391201788202194
BANANAUSDT,retest,close_above_break,20,True,3.0,66.66666666666666,7.7434636069096054,23.072915146914255,39.69807716323785,2.3072915146914252,3.9698077163237846
BANDUSDT,retest,close_above_break,20,True,5.0,20.0,0.9514720929935043,-0.4021569682230709,-10.34043393862321,-0.04021569682230721,-1.034043393862321
BANKUSDT,retest,close_above_break,20,True,2.0,50.0,3.827158847103825,14.635301758295649,14.635301758295649,1.463530175829565,1.463530175829565
BANUSDT,retest,close_above_break,20,True,5.0,40.0,1.0509976107363197,0.31205212435404095,-10.10440883919344,0.031205212435404174,-1.0104408839193442
BATUSDT,retest,close_above_break,20,True,6.0,50.0,2.6996760494035197,8.896563621777117,5.899302212195419,0.8896563621777117,0.5899302212195419
BBUSDT,retest,close_above_break,20,True,2.0,100.0,,25.873171962734524,25.873171962734524,2.5873171962734522,2.5873171962734522
BCHUSDT,retest,close_above_break,20,True,8.0,37.5,1.029186948632769,0.19016095526038357,-10.35058255280532,0.019016095526038446,-1.035058255280532
BEAMUSDT,retest,close_above_break,20,True,5.0,20.0,0.010700618363227273,-6.362831983548446,-10.185173359977284,-0.6362831983548447,-1.0185173359977284
BELUSDT,retest,close_above_break,20,True,3.0,66.66666666666666,5.300665096170548,14.568876930653664,14.122980372094265,1.4568876930653663,1.4122980372094265
BERAUSDT,retest,close_above_break,20,True,1.0,100.0,,15.67357363499789,15.67357363499789,1.567357363499789,1.567357363499789
BICOUSDT,retest,close_above_break,20,True,2.0,50.0,3.818782534810341,14.597653480346722,14.597653480346722,1.4597653480346722,1.4597653480346722
BIGTIMEUSDT,retest,close_above_break,20,True,1.0,0.0,0.0,-10.138865204756144,-10.138865204756144,-1.013886520475615,-1.013886520475615
BIOUSDT,retest,close_above_break,20,True,1.0,0.0,0.0,-10.14850838572807,-10.14850838572807,-1.014850838572807,-1.014850838572807
BLASTUSDT,retest,close_above_break,20,True,2.0,0.0,0.0,-10.25089012965704,-10.25089012965704,-1.025089012965704,-1.025089012965704
BLURUSDT,retest,close_above_break,20,True,2.0,100.0,,27.96792353813353,27.96792353813353,2.796792353813353,2.796792353813353
BMTUSDT,retest,close_above_break,20,True,5.0,40.0,1.6175975059061345,3.7687184433989507,-10.127680063667876,0.37687184433989496,-1.0127680063667877
BNBUSDT,retest,close_above_break,20,True,4.0,50.0,2.7944597501430906,9.57365112637407,5.083723321542055,0.957365112637407,0.5083723321542055
BOMEUSDT,retest,close_above_break,20,True,4.0,75.0,11.746956224419907,27.26875820784569,39.708144387757415,2.726875820784569,3.9708144387757414
BRETTUSDT,retest,close_above_break,20,True,1.0,100.0,,39.80424768675852,39.80424768675852,3.980424768675852,3.980424768675852
BROCCOLIUSDT,retest,close_above_break,20,True,3.0,66.66666666666666,4.1132044501982,10.54585046073022,2.032357772084316,1.054585046073022,0.2032357772084316
BSVUSDT,retest,close_above_break,20,True,1.0,0.0,0.0,-10.419233951693776,-10.419233951693776,-1.0419233951693776,-1.0419233951693776
BSWUSDT,retest,close_above_break,20,True,3.0,33.33333333333333,0.23430244821129484,-5.1843500793356005,-10.103790109099934,-0.5184350079335601,-1.0103790109099935
BTCUSDT,retest,close_above_break,20,True,7.0,42.857142857142854,2.3094603962990563,7.314612163906026,-5.825421493583761,0.7314612163906027,-0.5825421493583761
BUSDT,retest,close_above_break,20,True,2.0,0.0,0.0,-10.298416640849002,-10.298416640849002,-1.0298416640849002,-1.0298416640849002
C98USDT,retest,close_above_break,20,True,4.0,75.0,4.984983617008183,10.218173217750465,5.739000688793563,1.0218173217750464,0.5739000688793563
CAKEUSDT,retest,close_above_break,20,True,7.0,28.57142857142857,1.0448556456822247,0.3274315841181719,-10.11720645599101,0.03274315841181728,-1.011720645599101
CARVUSDT,retest,close_above_break,20,True,1.0,0.0,0.0,-10.369656446837524,-10.369656446837524,-1.0369656446837523,-1.0369656446837523
CATIUSDT,retest,close_above_break,20,True,1.0,0.0,0.0,-10.130668213791935,-10.130668213791935,-1.0130668213791936,-1.0130668213791936
CELOUSDT,retest,close_above_break,20,True,5.0,40.0,2.02213071048834,6.357347763285551,-10.311579857971996,0.6357347763285552,-1.0311579857971995
CETUSUSDT,retest,close_above_break,20,True,2.0,0.0,0.0,-10.35375456563686,-10.35375456563686,-1.0353754565636861,-1.0353754565636861
CFXUSDT,retest,close_above_break,20,True,1.0,100.0,,39.549796795695485,39.549796795695485,3.954979679569549,3.954979679569549
CGPTUSDT,retest,close_above_break,20,True,3.0,33.33333333333333,1.9452196052859838,6.421175431630258,-10.179347880458751,0.6421175431630258,-1.0179347880458751
CHILLGUYUSDT,retest,close_above_break,20,True,5.0,40.0,1.5073362315979593,3.0852096035861836,-10.095145721639618,0.30852096035861837,-1.0095145721639618
CHZUSDT,retest,close_above_break,20,True,5.0,40.0,2.2447407282415406,7.765782585045481,-10.359048892292703,0.7765782585045481,-1.0359048892292704
CKBUSDT,retest,close_above_break,20,True,1.0,100.0,,39.67486248548297,39.67486248548297,3.9674862485482967,3.9674862485482967
CLANKERUSDT,retest,close_above_break,20,True,5.0,40.0,1.4837735444593332,2.9535824590139215,-10.162839818810848,0.29535824590139204,-1.016283981881085
CLOUDUSDT,retest,close_above_break,20,True,2.0,50.0,3.9146341656885837,14.825492263665591,14.825492263665591,1.482549226366559,1.482549226366559
COMPUSDT,retest,close_above_break,20,True,3.0,0.0,0.0,-8.24180095071973,-10.25583391301221,-0.824180095071973,-1.0255833913012211
COOKIEUSDT,retest,close_above_break,20,True,5.0,60.0,4.457807680673797,14.028944399701976,10.84804484590155,1.4028944399701975,1.084804484590155
COREUSDT,retest,close_above_break,20,True,2.0,50.0,0.3440512360273954,-1.8601438233071423,-1.8601438233071423,-0.1860143823307142,-0.1860143823307142
COTIUSDT,retest,close_above_break,20,True,1.0,100.0,,39.67122490063788,39.67122490063788,3.967122490063788,3.967122490063788
COWUSDT,retest,close_above_break,20,True,1.0,0.0,0.0,-10.221161595144224,-10.221161595144224,-1.0221161595144224,-1.0221161595144224
CPOOLUSDT,retest,close_above_break,20,True,3.0,100.0,,39.721416630301654,39.73315439472416,3.972141663030165,3.973315439472416
CROUSDT,retest,close_above_break,20,True,3.0,33.33333333333333,1.9194124903647312,6.307507568168963,-10.185613883332438,0.6307507568168963,-1.0185613883332438
CRVUSDT,retest,close_above_break,20,True,8.0,37.5,2.2110517866019883,5.89150713819647,-4.060940900932817,0.589150713819647,-0.4060940900932816
CTCUSDT,retest,close_above_break,20,True,2.0,100.0,,33.84743062554186,33.84743062554186,3.384743062554186,3.384743062554186
CTSIUSDT,retest,close_above_break,20,True,5.0,20.0,0.9552244445583188,-0.3707702909831692,-10.304946236548693,-0.037077029098316894,-1.030494623654869
CVCUSDT,retest,close_above_break,20,True,3.0,33.33333333333333,1.9371725786908454,6.362766032341263,-10.18284832845453,0.6362766032341259,-1.018284832845453
CVXUSDT,retest,close_above_break,20,True,4.0,75.0,7.841186124523787,17.422770287553025,20.05772028779542,1.7422770287553022,2.0057720287795417
CYBERUSDT,retest,close_above_break,20,True,1.0,100.0,,27.33513285070314,27.33513285070314,2.733513285070314,2.733513285070314
DASHUSDT,retest,close_above_break,20,True,5.0,60.0,4.089773858249445,12.789718073175903,5.717559322941956,1.2789718073175904,0.5717559322941955
DBRUSDT,retest,close_above_break,20,True,6.0,50.0,4.092616414277872,14.978082522255141,15.373621072875018,1.497808252225514,1.5373621072875017
DEEPUSDT,retest,close_above_break,20,True,1.0,0.0,0.0,-10.345153152254737,-10.345153152254737,-1.0345153152254736,-1.0345153152254736
DEXEUSDT,retest,close_above_break,20,True,1.0,0.0,0.0,-10.22078518093033,-10.22078518093033,-1.022078518093033,-1.022078518093033
DOGEUSDT,retest,close_above_break,20,True,3.0,33.33333333333333,2.4931977021442155,7.9202646447815255,-5.55724829914404,0.7920264644781526,-0.555724829914404
DOGSUSDT,retest,close_above_break,20,True,4.0,50.0,2.5074179542229236,7.674205019340672,0.5792646628158513,0.7674205019340674,0.057926466281585265
DOGUSDT,retest,close_above_break,20,True,6.0,66.66666666666666,6.306912527635397,18.067197558813607,24.672259927659493,1.806719755881361,2.4672259927659494
DOTUSDT,retest,close_above_break,20,True,5.0,100.0,,19.470450867200626,8.224357941777276,1.9470450867200626,0.8224357941777276
DRIFTUSDT,retest,close_above_break,20,True,3.0,0.0,0.0,-10.210097848144258,-10.230367529912517,-1.021009784814426,-1.0230367529912516
DUCKUSDT,retest,close_above_break,20,True,3.0,33.33333333333333,1.9078674907581659,6.286735121313221,-10.346051777027464,0.6286735121313219,-1.0346051777027463
DYDXUSDT,retest,close_above_break,20,True,2.0,50.0,1.3382600348991494,1.7543763174923912,1.7543763174923912,0.1754376317492391,0.1754376317492391
DYMUSDT,retest,close_above_break,20,True,1.0,100.0,,35.81905937345309,35.81905937345309,3.5819059373453093,3.5819059373453093
EGLDUSDT,retest,close_above_break,20,True,5.0,60.0,4.485772246122099,14.631375264858173,14.997285629606612,1.4631375264858175,1.4997285629606611
EIGENUSDT,retest,close_above_break,20,True,1.0,0.0,0.0,-10.16285967992386,-10.16285967992386,-1.016285967992386,-1.016285967992386
ENAUSDT,retest,close_above_break,20,True,5.0,80.0,8.947752604528727,16.264532579424326,7.937765308134091,1.6264532579424322,0.7937765308134092
ENJUSDT,retest,close_above_break,20,True,6.0,33.33333333333333,0.972653906763537,-0.18904606047542968,-10.324225054854479,-0.018904606047542922,-1.0324225054854477
ENSUSDT,retest,close_above_break,20,True,3.0,66.66666666666666,2.643688724185849,5.642321476430024,0.9980664168935296,0.5642321476430024,0.0998066416893529
EPICUSDT,retest,close_above_break,20,True,1.0,0.0,0.0,-10.309027048289362,-10.309027048289362,-1.0309027048289363,-1.0309027048289363
ETCUSDT,retest,close_above_break,20,True,1.0,0.0,0.0,-10.30991238077479,-10.30991238077479,-1.030991238077479,-1.030991238077479
ETHBTCUSDT,retest,close_above_break,20,True,4.0,25.0,1.1932680804765983,1.5774536533922454,-10.79586559206899,0.15774536533922456,-1.079586559206899
ETHFIUSDT,retest,close_above_break,20,True,1.0,100.0,,39.79704303275729,39.79704303275729,3.979704303275729,3.979704303275729
ETHUSDT,retest,close_above_break,20,True,10.0,30.0,1.198198908200566,1.4579043072688758,-10.440838320785186,0.14579043072688755,-1.0440838320785186
ETHWUSDT,retest,close_above_break,20,True,3.0,100.0,,28.718803336524093,39.3880899805013,2.8718803336524097,3.93880899805013
FARTCOINUSDT,retest,close_above_break,20,True,5.0,20.0,0.47717043936743786,-4.247155469500717,-10.14003235319501,-0.4247155469500715,-1.014003235319501
FIDAUSDT,retest,close_above_break,20,True,3.0,0.0,0.0,-8.015142529875554,-10.161693853505485,-0.8015142529875554,-1.0161693853505485
FILUSDT,retest,close_above_break,20,True,3.0,33.33333333333333,1.3414168286361083,2.366409847192456,-10.372295721229518,0.23664098471924552,-1.037229572122952
FLMUSDT,retest,close_above_break,20,True,2.0,0.0,0.0,-10.234909674203838,-10.234909674203838,-1.0234909674203836,-1.0234909674203836
FLOCKUSDT,retest,close_above_break,20,True,3.0,33.33333333333333,1.957305337141402,6.4866791310045775,-10.069613148953042,0.6486679131004576,-1.0069613148953045
FLOWUSDT,retest,close_above_break,20,True,4.0,100.0,,24.76795076659281,26.91088655304778,2.4767950766592812,2.691088655304778
FLRUSDT,retest,close_above_break,20,True,3.0,33.33333333333333,1.9416209206595878,6.423730456823069,-10.135431713034544,0.6423730456823068,-1.0135431713034544
FORMUSDT,retest,close_above_break,20,True,2.0,50.0,3.867787037803499,14.732631346029244,14.732631346029244,1.4732631346029241,1.4732631346029241
FWOGUSDT,retest,close_above_break,20,True,2.0,50.0,3.9390532595529857,14.875585054071427,14.875585054071427,1.4875585054071427,1.4875585054071427
FXSUSDT,retest,close_above_break,20,True,4.0,75.0,166.24042263542879,13.453273384439365,7.205846853444744,1.3453273384439364,0.7205846853444744
GALAUSDT,retest,close_above_break,20,True,4.0,50.0,2.7548874729078405,9.061300179603304,3.4790062654298666,0.9061300179603302,0.3479006265429867
GASUSDT,retest,close_above_break,20,True,5.0,40.0,1.2751740901071031,1.7290765761659763,-10.254554304921154,0.17290765761659763,-1.0254554304921153
GIGAUSDT,retest,close_above_break,20,True,4.0,25.0,1.3075192345247588,2.342862545041901,-10.149924663422013,0.23428625450419016,-1.0149924663422012
GLMUSDT,retest,close_above_break,20,True,3.0,33.33333333333333,1.9059510152973989,6.237486617207712,-10.206192412696495,0.6237486617207714,-1.02061924126965
GMTUSDT,retest,close_above_break,20,True,4.0,50.0,2.0848747535446788,5.628320671993906,-3.2920542418049266,0.5628320671993906,-0.32920542418049276
GMXUSDT,retest,close_above_break,20,True,3.0,33.33333333333333,1.0885415225367083,0.6145837292566737,-10.406154979907791,0.061458372925667394,-1.0406154979907791
GOATUSDT,retest,close_above_break,20,True,2.0,100.0,,25.951164227792503,25.951164227792503,2.59511642277925,2.59511642277925
GODSUSDT,retest,close_above_break,20,True,3.0,0.0,0.0,-10.082073278311391,-10.075391935324244,-1.008207327831139,-1.007539193532424
GPSUSDT,retest,close_above_break,20,True,2.0,50.0,0.5431977594238001,-2.338531144235205,-2.338531144235205,-0.23385311442352047,-0.23385311442352047
GRASSUSDT,retest,close_above_break,20,True,6.0,33.33333333333333,1.9476357407199751,6.448230007568469,-10.182459218078325,0.644823000756847,-1.0182459218078326
GRIFFAINUSDT,retest,close_above_break,20,True,3.0,66.66666666666666,5.758685104190714,16.082947903987666,18.56291561935611,1.6082947903987665,1.856291561935611
GRTUSDT,retest,close_above_break,20,True,4.0,50.0,2.572675843859802,8.165541375276288,1.7747275730754772,0.8165541375276287,0.17747275730754764
GUNUSDT,retest,close_above_break,20,True,1.0,100.0,,39.79769097910035,39.79769097910035,3.9797690979100353,3.9797690979100353
HBARUSDT,retest,close_above_break,20,True,6.0,50.0,2.83693364868586,9.463479716411735,-0.8056302365002477,0.9463479716411737,-0.08056302365002477
HFTUSDT,retest,close_above_break,20,True,2.0,50.0,3.947142428696462,14.85959668505263,14.85959668505263,1.4859596685052627,1.4859596685052627
HIFIUSDT,retest,close_above_break,20,True,2.0,0.0,0.0,-10.125448019111019,-10.125448019111019,-1.0125448019111019,-1.0125448019111019
HIVEUSDT,retest,close_above_break,20,True,4.0,0.0,0.0,-10.41002983662255,-10.409677405069818,-1.0410029836622552,-1.0409677405069817
HMSTRUSDT,retest,close_above_break,20,True,5.0,60.0,2.054010454589636,4.325469955160016,6.082029890237466,0.4325469955160017,0.6082029890237466
HNTUSDT,retest,close_above_break,20,True,3.0,33.33333333333333,0.02603765660194956,-6.729402711959693,-10.346780455788446,-0.6729402711959694,-1.034678045578845
HOMEUSDT,retest,close_above_break,20,True,1.0,0.0,0.0,-10.255456168952984,-10.255456168952984,-1.0255456168952983,-1.0255456168952983
HOOKUSDT,retest,close_above_break,20,True,1.0,0.0,0.0,-10.358093396198388,-10.358093396198388,-1.035809339619839,-1.035809339619839
HPOS10IUSDT,retest,close_above_break,20,True,3.0,33.33333333333333,1.9452970972039305,6.436510251494961,-10.185021479214656,0.643651025149496,-1.0185021479214655
HYPEUSDT,retest,close_above_break,20,True,11.0,45.45454545454545,2.1422310726762497,6.3768102153191535,-10.151229328122795,0.6376810215319153,-1.0151229328122795
ICPUSDT,retest,close_above_break,20,True,2.0,100.0,,8.085217698328693,8.085217698328693,0.8085217698328693,0.8085217698328693
ICXUSDT,retest,close_above_break,20,True,7.0,57.14285714285714,4.566722446641122,15.864384789981212,23.3299904472592,1.5864384789981212,2.33299904472592
IDEXUSDT,retest,close_above_break,20,True,1.0,0.0,0.0,-0.929586837527662,-0.929586837527662,-0.0929586837527662,-0.0929586837527662
IDUSDT,retest,close_above_break,20,True,3.0,33.33333333333333,3.0002166023618906,8.765475162682097,-2.752560925508408,0.8765475162682096,-0.2752560925508407
ILVUSDT,retest,close_above_break,20,True,5.0,60.0,2.345353489758691,5.613537614654552,3.83896234868557,0.5613537614654551,0.383896234868557
IMXUSDT,retest,close_above_break,20,True,5.0,20.0,0.9643797680823847,-0.29331685512432415,-10.258610175281817,-0.02933168551243246,-1.0258610175281817
INJUSDT,retest,close_above_break,20,True,5.0,40.0,1.5018113505407278,3.0996479379610458,-10.26470287986974,0.30996479379610453,-1.026470287986974
IOSTUSDT,retest,close_above_break,20,True,3.0,33.33333333333333,1.9154776804992069,6.251451804443936,-10.193586990676549,0.6251451804443938,-1.0193586990676549
IOTAUSDT,retest,close_above_break,20,True,5.0,60.0,5.744529021154707,19.61777955033793,39.54117802750517,1.9617779550337928,3.954117802750517
IOTXUSDT,retest,close_above_break,20,True,8.0,12.5,0.5441563713016607,-4.146565868786929,-10.391469191865578,-0.41465658687869267,-1.0391469191865579
IPUSDT,retest,close_above_break,20,True,1.0,0.0,0.0,-10.283949113405006,-10.283949113405006,-1.0283949113405009,-1.0283949113405009
JASMYUSDT,retest,close_above_break,20,True,2.0,50.0,3.846626897227507,14.730999331306407,14.730999331306407,1.4730999331306407,1.4730999331306407
JELLYJELLYUSDT,retest,close_above_break,20,True,4.0,50.0,3.9426143345077405,14.89354127316726,14.885358402153415,1.4893541273167261,1.4885358402153415
JOEUSDT,retest,close_above_break,20,True,1.0,100.0,,17.695928560793465,17.695928560793465,1.7695928560793466,1.7695928560793466
JSTUSDT,retest,close_above_break,20,True,2.0,0.0,0.0,-10.685257002163915,-10.685257002163915,-1.0685257002163917,-1.0685257002163917
JTOUSDT,retest,close_above_break,20,True,3.0,0.0,0.0,-10.258904566865468,-10.233737330802882,-1.0258904566865465,-1.023373733080288
JUPUSDT,retest,close_above_break,20,True,5.0,0.0,0.0,-10.297243000619767,-10.284854579443872,-1.0297243000619765,-1.0284854579443874
JUSDT,retest,close_above_break,20,True,2.0,50.0,3.9608140047620894,14.913812090857146,14.913812090857146,1.4913812090857144,1.4913812090857144
KAIAUSDT,retest,close_above_break,20,True,3.0,33.33333333333333,1.9208214234845704,6.352331404128637,-10.221959264383424,0.6352331404128636,-1.0221959264383425
KAITOUSDT,retest,close_above_break,20,True,5.0,40.0,2.60576307801448,9.814998163859611,-10.132954719794352,0.9814998163859607,-1.0132954719794351
KASUSDT,retest,close_above_break,20,True,1.0,0.0,0.0,-10.386405927072454,-10.386405927072454,-1.0386405927072455,-1.0386405927072455
KAVAUSDT,retest,close_above_break,20,True,5.0,40.0,0.9296525481771571,-0.44141362425713665,-10.342786892514782,-0.04414136242571369,-1.034278689251478
KDAUSDT,retest,close_above_break,20,True,1.0,100.0,,10.213474494862126,10.213474494862126,1.0213474494862127,1.0213474494862127
KERNELUSDT,retest,close_above_break,20,True,5.0,40.0,2.6134828426754066,9.807676094553383,-10.085405657762628,0.9807676094553383,-1.0085405657762627
KMNOUSDT,retest,close_above_break,20,True,5.0,20.0,0.947384472680032,-0.4396529863477337,-10.359415099044805,-0.04396529863477365,-1.0359415099044806
KNCUSDT,retest,close_above_break,20,True,1.0,0.0,0.0,-10.683514451362845,-10.683514451362845,-1.0683514451362843,-1.0683514451362843
KSMUSDT,retest,close_above_break,20,True,4.0,100.0,,25.449442794114177,28.296996781125316,2.5449442794114177,2.8296996781125316
L3USDT,retest,close_above_break,20,True,2.0,50.0,0.5222348214142482,-2.4141048821482047,-2.4141048821482047,-0.2414104882148203,-0.2414104882148203
LAUNCHCOINUSDT,retest,close_above_break,20,True,1.0,0.0,0.0,-10.134351159148922,-10.134351159148922,-1.0134351159148922,-1.0134351159148922
LDOUSDT,retest,close_above_break,20,True,4.0,50.0,3.0529332418956905,10.491518015982003,6.2350160801834855,1.0491518015982004,0.6235016080183489
LINKUSDT,retest,close_above_break,20,True,5.0,60.0,4.373816858070697,13.956816837741474,11.43373829349547,1.3956816837741473,1.143373829349547
LISTAUSDT,retest,close_above_break,20,True,3.0,33.33333333333333,0.0468799942458592,-6.446372341216712,-10.10330210060377,-0.6446372341216713,-1.010330210060377
LPTUSDT,retest,close_above_break,20,True,3.0,33.33333333333333,1.0110190918972213,0.07627934273608379,-10.363662810802316,0.007627934273608379,-1.0363662810802317
LQTYUSDT,retest,close_above_break,20,True,1.0,0.0,0.0,-10.2063969276054,-10.2063969276054,-1.02063969276054,-1.02063969276054
LRCUSDT,retest,close_above_break,20,True,2.0,100.0,,39.64575789291352,39.64575789291352,3.9645757892913522,3.9645757892913522
LSKUSDT,retest,close_above_break,20,True,1.0,100.0,,39.465444037597486,39.465444037597486,3.946544403759749,3.946544403759749
LTCUSDT,retest,close_above_break,20,True,8.0,25.0,1.2637189896337677,2.0680753397118927,-10.376907506837506,0.20680753397118945,-1.0376907506837507
LUMIAUSDT,retest,close_above_break,20,True,2.0,50.0,358.6261908613898,19.766172609763156,19.766172609763156,1.9766172609763157,1.9766172609763157
MAGICUSDT,retest,close_above_break,20,True,1.0,100.0,,39.86689268647865,39.86689268647865,3.986689268647865,3.986689268647865
MAJORUSDT,retest,close_above_break,20,True,2.0,0.0,0.0,-10.324600138334336,-10.324600138334336,-1.0324600138334339,-1.0324600138334339
MANAUSDT,retest,close_above_break,20,True,4.0,50.0,3.8474006486512597,14.62992389029674,14.631853021158841,1.4629923890296737,1.4631853021158843
MANTAUSDT,retest,close_above_break,20,True,2.0,100.0,,39.53668868002408,39.53668868002408,3.953668868002408,3.953668868002408
MASAUSDT,retest,close_above_break,20,True,2.0,50.0,1.9719474207145924,4.919241408077851,4.919241408077851,0.491924140807785,0.491924140807785
MASKUSDT,retest,close_above_break,20,True,4.0,50.0,2.9129776305165964,10.096558063787402,5.811418099154537,1.0096558063787402,0.5811418099154536
MAVIAUSDT,retest,close_above_break,20,True,3.0,66.66666666666666,4.374874274659698,11.499793623374075,4.81554629285384,1.1499793623374075,0.481554629285384
MAVUSDT,retest,close_above_break,20,True,2.0,50.0,3.930904729710584,14.792344113857832,14.792344113857832,1.4792344113857832,1.4792344113857832
MBOXUSDT,retest,close_above_break,20,True,1.0,100.0,,39.79289239831208,39.79289239831208,3.979289239831208,3.979289239831208
MEMEUSDT,retest,close_above_break,20,True,2.0,0.0,0.0,-5.559811602800704,-5.559811602800704,-0.5559811602800704,-0.5559811602800704
MERLUSDT,retest,close_above_break,20,True,4.0,25.0,1.3012844018976626,2.3022963097205733,-10.156980900978551,0.23022963097205734,-1.0156980900978552
METISUSDT,retest,close_above_break,20,True,2.0,100.0,,29.937254973499932,29.937254973499932,2.9937254973499936,2.9937254973499936
MEUSDT,retest,close_above_break,20,True,3.0,0.0,0.0,-10.344155795429074,-10.258574106827428,-1.0344155795429073,-1.0258574106827427
MEWUSDT,retest,close_above_break,20,True,7.0,42.857142857142854,2.423248812883036,8.297742534224152,-10.144863064032917,0.8297742534224154,-1.0144863064032914
MINAUSDT,retest,close_above_break,20,True,5.0,80.0,9.672931247840268,17.893395803342663,11.243694990252225,1.789339580334267,1.1243694990252222
MKRUSDT,retest,close_above_break,20,True,7.0,14.285714285714285,0.6413614210990833,-3.170109794721143,-10.292871104481913,-0.31701097947211426,-1.029287110448191
MNTUSDT,retest,close_above_break,20,True,9.0,44.44444444444444,2.378538953532177,8.088723551881758,-10.31377326942292,0.8088723551881757,-1.031377326942292
MOODENGUSDT,retest,close_above_break,20,True,3.0,66.66666666666666,26.151269217484924,21.92564646060522,28.61396131837103,2.1925646460605215,2.861396131837103
MORPHOUSDT,retest,close_above_break,20,True,1.0,100.0,,2.2726537042163093,2.2726537042163093,0.2272653704216309,0.2272653704216309
MOVEUSDT,retest,close_above_break,20,True,2.0,0.0,0.0,-6.420737205685396,-6.420737205685396,-0.6420737205685396,-0.6420737205685396
MTLUSDT,retest,close_above_break,20,True,4.0,50.0,2.892786423419932,9.863764073703216,5.363883755989464,0.9863764073703215,0.5363883755989465
MUBARAKUSDT,retest,close_above_break,20,True,2.0,0.0,0.0,-10.294976540414421,-10.294976540414421,-1.029497654041442,-1.029497654041442
MYROUSDT,retest,close_above_break,20,True,3.0,66.66666666666666,5.336271152259949,14.628260733472422,14.15940856898084,1.4628260733472416,1.415940856898084
NEARUSDT,retest,close_above_break,20,True,4.0,50.0,2.408784328484259,7.284058829434508,0.03791486964042878,0.7284058829434507,0.003791486964042745
NEIROETHUSDT,retest,close_above_break,20,True,3.0,33.33333333333333,1.9729376722684622,6.5547583402789655,-10.095271787661892,0.6554758340278966,-1.0095271787661892
NEOUSDT,retest,close_above_break,20,True,7.0,71.42857142857143,9.550615040361764,25.309616809363593,39.52093101947739,2.530961680936359,3.9520931019477383
NILUSDT,retest,close_above_break,20,True,2.0,50.0,3.9081293728366506,14.783515252273839,14.783515252273839,1.4783515252273838,1.4783515252273838
NOTUSDT,retest,close_above_break,20,True,3.0,66.66666666666666,5.053562735093738,13.812845497743686,11.951943566040226,1.3812845497743684,1.1951943566040226
NSUSDT,retest,close_above_break,20,True,1.0,0.0,0.0,-8.592134744993082,-8.592134744993082,-0.8592134744993082,-0.8592134744993082
OBOLUSDT,retest,close_above_break,20,True,1.0,0.0,0.0,-10.128230017144263,-10.128230017144263,-1.0128230017144264,-1.0128230017144264
OGUSDT,retest,close_above_break,20,True,8.0,37.5,2.655832275079388,9.276310645428879,-6.674764253310211,0.9276310645428878,-0.6674764253310213
OLUSDT,retest,close_above_break,20,True,4.0,50.0,0.68681996769222,-1.5891536842902274,-2.6427581738177213,-0.15891536842902282,-0.2642758173817721
OMNIUSDT,retest,close_above_break,20,True,1.0,100.0,,39.7766528150676,39.7766528150676,3.97766528150676,3.97766528150676
OMUSDT,retest,close_above_break,20,True,7.0,0.0,0.0,-9.14500989567441,-10.278197094996973,-0.9145009895674409,-1.0278197094996973
ONDOUSDT,retest,close_above_break,20,True,4.0,50.0,2.687734683094879,8.681306251332696,2.721690325507356,0.8681306251332696,0.27216903255073555
ONEUSDT,retest,close_above_break,20,True,3.0,66.66666666666666,40.795066300083064,17.242489971890546,13.582226868982012,1.7242489971890549,1.3582226868982012
ONTUSDT,retest,close_above_break,20,True,8.0,25.0,0.8621533116189279,-1.0828918517564166,-10.398688027941823,-0.10828918517564179,-1.0398688027941825
OPUSDT,retest,close_above_break,20,True,2.0,100.0,,25.21465837188989,25.21465837188989,2.5214658371889893,2.5214658371889893
ORBSUSDT,retest,close_above_break,20,True,1.0,0.0,0.0,-10.202734769219722,-10.202734769219722,-1.020273476921972,-1.020273476921972
ORCAUSDT,retest,close_above_break,20,True,2.0,0.0,0.0,-10.256949423005945,-10.256949423005945,-1.0256949423005945,-1.0256949423005945
ORDIUSDT,retest,close_above_break,20,True,4.0,50.0,2.3074854651564425,6.721006114343319,-1.2722292707966774,0.6721006114343322,-0.1272229270796677
PARTIUSDT,retest,close_above_break,20,True,1.0,0.0,0.0,-10.227817216606804,-10.227817216606804,-1.0227817216606805,-1.0227817216606805
PAXGUSDT,retest,close_above_break,20,True,9.0,44.44444444444444,2.007992074159555,5.705036424592019,-3.0693429400503067,0.6823587666536398,-0.3069342940050307
PEAQUSDT,retest,close_above_break,20,True,1.0,100.0,,39.84411018464992,39.84411018464992,3.984411018464992,3.984411018464992
PENDLEUSDT,retest,close_above_break,20,True,8.0,37.5,1.027546892219958,0.17744778894373425,-10.288492082046108,0.017744778894373398,-1.0288492082046108
PENGUUSDT,retest,close_above_break,20,True,5.0,80.0,8.708291094420323,15.640133917628708,5.739373490715338,1.5640133917628707,0.5739373490715338
PEOPLEUSDT,retest,close_above_break,20,True,6.0,16.666666666666664,0.7767395659824027,-1.9038591401491518,-10.221820288608342,-0.1903859140149152,-1.0221820288608343
PHAUSDT,retest,close_above_break,20,True,4.0,50.0,2.0428827430689744,5.376180479250631,-3.9379404665073974,0.5376180479250632,-0.3937940466507397
PHBUSDT,retest,close_above_break,20,True,2.0,100.0,,39.61860761057295,39.61860761057295,3.961860761057295,3.961860761057295
PIPPINUSDT,retest,close_above_break,20,True,2.0,100.0,,26.49628798510816,26.49628798510816,2.649628798510816,2.649628798510816
PIXELUSDT,retest,close_above_break,20,True,1.0,100.0,,13.79312544682719,13.79312544682719,1.379312544682719,1.379312544682719
PLUMEUSDT,retest,close_above_break,20,True,3.0,0.0,0.0,-10.23916352926573,-10.193970956043106,-1.0239163529265731,-1.0193970956043106
PNUTUSDT,retest,close_above_break,20,True,6.0,16.666666666666664,0.3451259291603173,-5.523822293011943,-10.086461331955661,-0.5523822293011943,-1.0086461331955658
POLUSDT,retest,close_above_break,20,True,2.0,100.0,,39.50879574470642,39.50879574470642,3.9508795744706426,3.9508795744706426
POLYXUSDT,retest,close_above_break,20,True,4.0,50.0,2.167224847355842,6.048402844420738,-2.464135658400575,0.6048402844420738,-0.24641356584005752
PONKEUSDT,retest,close_above_break,20,True,4.0,25.0,1.299660749670841,2.2933107370205223,-10.137152645674904,0.22933107370205236,-1.0137152645674905
POPCATUSDT,retest,close_above_break,20,True,6.0,66.66666666666666,5.800683574324774,16.254413107322417,19.120783208015784,1.6254413107322419,1.9120783208015781
PORTALUSDT,retest,close_above_break,20,True,2.0,0.0,0.0,-10.15368696875155,-10.15368696875155,-1.015368696875155,-1.015368696875155
POWRUSDT,retest,close_above_break,20,True,2.0,100.0,,39.323917080071425,39.323917080071425,3.9323917080071418,3.9323917080071418
PRCLUSDT,retest,close_above_break,20,True,3.0,0.0,0.0,-10.134475434046527,-10.129924909524036,-1.0134475434046528,-1.0129924909524035
PRIMEUSDT,retest,close_above_break,20,True,2.0,50.0,1.593821211782648,3.0259051469772986,3.0259051469772986,0.3025905146977299,0.3025905146977299
PROMUSDT,retest,close_above_break,20,True,3.0,66.66666666666666,6.648974707475943,19.552975601591886,29.352059991598235,1.9552975601591889,2.935205999159824
PYTHUSDT,retest,close_above_break,20,True,4.0,25.0,0.747613985327773,-1.9558013406271577,-10.314056269975332,-0.19558013406271585,-1.0314056269975334
QNTUSDT,retest,close_above_break,20,True,5.0,80.0,13.094359826865235,24.96910893016094,39.40233415061402,2.4969108930160937,3.940233415061402
QTUMUSDT,retest,close_above_break,20,True,5.0,40.0,2.559238542878135,9.601549789399709,-10.147568921016044,0.9601549789399708,-1.0147568921016044
RAREUSDT,retest,close_above_break,20,True,4.0,0.0,0.0,-8.184256842783117,-10.249353874834858,-0.8184256842783116,-1.024935387483486
RAYDIUMUSDT,retest,close_above_break,20,True,4.0,25.0,0.030472955557598935,-7.464185381306938,-10.24981944237262,-0.7464185381306938,-1.024981944237262
RDNTUSDT,retest,close_above_break,20,True,2.0,50.0,3.806700479421948,14.578833422292535,14.578833422292535,1.4578833422292536,1.4578833422292536
REDUSDT,retest,close_above_break,20,True,3.0,0.0,0.0,-10.290233055729331,-10.30876515876115,-1.029023305572933,-1.0308765158761148
RENDERUSDT,retest,close_above_break,20,True,3.0,33.33333333333333,0.27104496875440737,-5.040125726768395,-10.369872812659972,-0.5040125726768395,-1.0369872812659973
REXUSDT,retest,close_above_break,20,True,3.0,33.33333333333333,0.9479385469136739,-0.35046467513175844,-10.084932265683529,-0.03504646751317564,-1.0084932265683526
REZUSDT,retest,close_above_break,20,True,1.0,100.0,,0.3549081210397716,0.3549081210397716,0.0354908121039771,0.0354908121039771
ROAMUSDT,retest,close_above_break,20,True,4.0,50.0,1.9639475130075363,4.922537844618969,-4.907326865784955,0.4922537844618967,-0.49073268657849545
ROSEUSDT,retest,close_above_break,20,True,1.0,100.0,,6.673148513134692,6.673148513134692,0.6673148513134692,0.6673148513134692
RPLUSDT,retest,close_above_break,20,True,8.0,37.5,1.70460468072585,4.488680001519631,-10.159060581492014,0.44886800015196304,-1.0159060581492017
RSRUSDT,retest,close_above_break,20,True,2.0,50.0,3.803483372735941,14.623379756556954,14.623379756556954,1.4623379756556956,1.4623379756556956
RUNEUSDT,retest,close_above_break,20,True,4.0,50.0,1.9854221175726912,5.096707442254241,-4.394898422782565,0.509670744225424,-0.43948984227825655
RVNUSDT,retest,close_above_break,20,True,5.0,20.0,0.6187777004402686,-3.1283622710938075,-10.146128045667565,-0.3128362271093807,-1.0146128045667564
SAFEUSDT,retest,close_above_break,20,True,2.0,50.0,3.8381772855146914,14.669531730165902,14.669531730165902,1.4669531730165901,1.4669531730165901
SAGAUSDT,retest,close_above_break,20,True,2.0,100.0,,39.725426112266746,39.725426112266746,3.9725426112266744,3.9725426112266744
SANDUSDT,retest,close_above_break,20,True,5.0,40.0,2.546866272221699,9.610031154897722,-10.30014901271536,0.9610031154897719,-1.0300149012715358
SAROSUSDT,retest,close_above_break,20,True,2.0,50.0,1.0787215934411036,0.4023599033802805,0.4023599033802805,0.04023599033802794,0.04023599033802794
SCRUSDT,retest,close_above_break,20,True,5.0,40.0,2.5742641502314583,9.692835129662067,-10.239678334088527,0.9692835129662065,-1.023967833408853
SCUSDT,retest,close_above_break,20,True,2.0,100.0,,25.46546986818324,25.46546986818324,2.546546986818324,2.546546986818324
SDUSDT,retest,close_above_break,20,True,1.0,100.0,,39.72024095571004,39.72024095571004,3.972024095571004,3.972024095571004
SEIUSDT,retest,close_above_break,20,True,4.0,75.0,11.429010236289367,27.176141851641376,39.667007264875856,2.7176141851641376,3.966700726487586
SENDUSDT,retest,close_above_break,20,True,2.0,50.0,3.922655655834426,14.83020704171971,14.83020704171971,1.4830207041719716,1.4830207041719716
SERAPHUSDT,retest,close_above_break,20,True,1.0,0.0,0.0,-10.138535955555623,-10.138535955555623,-1.0138535955555623,-1.0138535955555623
SHELLUSDT,retest,close_above_break,20,True,2.0,50.0,0.49369315554104265,-2.576778187052968,-2.576778187052968,-0.2576778187052967,-0.2576778187052967
SHIB1000USDT,retest,close_above_break,20,True,2.0,50.0,3.8562563387865585,14.645460236549695,14.645460236549695,1.4645460236549694,1.4645460236549694
SIRENUSDT,retest,close_above_break,20,True,9.0,55.55555555555556,6.966717453009965,15.50057858214901,3.939990462297522,1.5500578582149016,0.3939990462297522
SKLUSDT,retest,close_above_break,20,True,1.0,0.0,0.0,-10.118714481041351,-10.118714481041351,-1.011871448104135,-1.011871448104135
SLERFUSDT,retest,close_above_break,20,True,3.0,33.33333333333333,1.9309104502669747,6.3717146438837835,-10.2617224517736,0.637171464388378,-1.0261722451773598
SLFUSDT,retest,close_above_break,20,True,1.0,0.0,0.0,-10.194526158293764,-10.194526158293764,-1.0194526158293766,-1.0194526158293766
SLPUSDT,retest,close_above_break,20,True,3.0,66.66666666666666,7.657663790914117,22.939128759057258,39.52462209699369,2.293912875905726,3.9524622096993687
SNTUSDT,retest,close_above_break,20,True,2.0,50.0,3.9421167511445994,14.830804966564472,14.830804966564472,1.4830804966564473,1.4830804966564473
SNXUSDT,retest,close_above_break,20,True,3.0,33.33333333333333,1.1497455490496784,1.0337806403355867,-10.330550499617074,0.10337806403355865,-1.0330550499617073
SOLAYERUSDT,retest,close_above_break,20,True,6.0,16.666666666666664,0.03900616050285872,-8.177643176529424,-10.199385398230204,-0.8177643176529422,-1.0199385398230203
SOLUSDT,retest,close_above_break,20,True,3.0,66.66666666666666,7.547635362758296,22.863950092154756,39.44389513353183,2.2863950092154757,3.944389513353183
SOLVUSDT,retest,close_above_break,20,True,7.0,14.285714285714285,0.48008929309657294,-4.579137166474221,-10.181984202540072,-0.45791371664742225,-1.018198420254007
SONICUSDT,retest,close_above_break,20,True,1.0,0.0,0.0,-10.171127709136307,-10.171127709136307,-1.0171127709136307,-1.0171127709136307
SOONUSDT,retest,close_above_break,20,True,1.0,100.0,,39.7562677766298,39.7562677766298,3.97562677766298,3.97562677766298
SPELLUSDT,retest,close_above_break,20,True,5.0,20.0,0.9571427024864662,-0.35650422510992535,-10.371123762711283,-0.035650422510992555,-1.0371123762711285
SPXUSDT,retest,close_above_break,20,True,5.0,20.0,0.9735971564062951,-0.21571783434265795,-10.172660668314082,-0.021571783434265912,-1.0172660668314082
SSVUSDT,retest,close_above_break,20,True,6.0,33.33333333333333,1.3679752772822014,2.505420329993971,-10.207525375463778,0.250542032999397,-1.0207525375463777
STGUSDT,retest,close_above_break,20,True,2.0,50.0,3.6773421339873043,14.278090988720656,14.278090988720656,1.4278090988720658,1.4278090988720658
STORJUSDT,retest,close_above_break,20,True,2.0,50.0,12.878817515364478,18.11811808443891,18.11811808443891,1.811811808443891,1.811811808443891
STOUSDT,retest,close_above_break,20,True,1.0,0.0,0.0,-10.1454940862401,-10.1454940862401,-1.0145494086240097,-1.0145494086240097
STXUSDT,retest,close_above_break,20,True,5.0,60.0,2.0678947475058562,4.408034918054865,4.991226607485935,0.4408034918054865,0.4991226607485934
SUIUSDT,retest,close_above_break,20,True,2.0,0.0,0.0,-10.390079501901436,-10.390079501901436,-1.0390079501901435,-1.0390079501901435
SUNDOGUSDT,retest,close_above_break,20,True,5.0,40.0,1.9847622464243952,5.977114778285736,-10.086466947054312,0.5977114778285737,-1.0086466947054311
SUNUSDT,retest,close_above_break,20,True,3.0,33.33333333333333,1.793156402794576,5.790137950853487,-10.767876464028294,0.5790137950853489,-1.0767876464028294
SUPERUSDT,retest,close_above_break,20,True,2.0,50.0,3.855843690167358,14.688481981358814,14.688481981358814,1.4688481981358814,1.4688481981358814
SUSDT,retest,close_above_break,20,True,4.0,0.0,0.0,-10.249003694517278,-10.242505345239953,-1.0249003694517276,-1.0242505345239952
SUSHIUSDT,retest,close_above_break,20,True,6.0,33.33333333333333,1.932188907954803,6.37772602862345,-10.227941623201826,0.637772602862345,-1.0227941623201826
SWELLUSDT,retest,close_above_break,20,True,1.0,0.0,0.0,-10.207571581351388,-10.207571581351388,-1.020757158135139,-1.020757158135139
SXPUSDT,retest,close_above_break,20,True,3.0,33.33333333333333,1.8870105890229203,6.183189895786346,-10.434005290853392,0.6183189895786348,-1.0434005290853392
SYNUSDT,retest,close_above_break,20,True,3.0,66.66666666666666,7.782386080793349,23.093242610913833,39.63820309294984,2.3093242610913833,3.963820309294984
SYRUPUSDT,retest,close_above_break,20,True,4.0,50.0,0.9148989120694518,-0.4360675784786565,-5.067424941192726,-0.04360675784786561,-0.5067424941192727
TAIKOUSDT,retest,close_above_break,20,True,3.0,66.66666666666666,4.675840425026797,12.707408104478274,8.942015956373012,1.2707408104478273,0.8942015956373013
TAIUSDT,retest,close_above_break,20,True,4.0,25.0,1.3103537865350405,2.3613996867303726,-10.13240765614702,0.23613996867303738,-1.013240765614702
TAOUSDT,retest,close_above_break,20,True,4.0,75.0,7.068352349051833,15.532508264112998,16.35259989135171,1.5532508264113,1.6352599891351707
THETAUSDT,retest,close_above_break,20,True,4.0,50.0,3.5628287550410604,13.217300397871197,11.812045279199278,1.3217300397871197,1.181204527919928
THEUSDT,retest,close_above_break,20,True,1.0,0.0,0.0,-10.101223661502832,-10.101223661502832,-1.0101223661502832,-1.0101223661502832
TIAUSDT,retest,close_above_break,20,True,2.0,50.0,0.9409670785983545,-0.3018680151834774,-0.3018680151834774,-0.030186801518347794,-0.030186801518347794
TOKENUSDT,retest,close_above_break,20,True,2.0,50.0,3.876659442209273,14.718432843225939,14.718432843225939,1.4718432843225941,1.4718432843225941
TONUSDT,retest,close_above_break,20,True,3.0,33.33333333333333,0.6245032211524839,-2.581965866270915,-10.253043797445129,-0.25819658662709144,-1.0253043797445127
TRBUSDT,retest,close_above_break,20,True,4.0,25.0,0.8595742450590815,-1.0829936440542576,-10.216868285490847,-0.10829936440542565,-1.0216868285490845
TRUMPUSDT,retest,close_above_break,20,True,1.0,0.0,0.0,-10.28949350158958,-10.28949350158958,-1.0289493501589582,-1.0289493501589582
TRUUSDT,retest,close_above_break,20,True,3.0,33.33333333333333,0.3003793897198737,-4.754760231092081,-10.17457160547568,-0.4754760231092081,-1.017457160547568
TRXUSDT,retest,close_above_break,20,True,7.0,71.42857142857143,7.091273337065567,18.518034279657833,27.32472142358711,1.851803427965783,2.732472142358711
TUSDT,retest,close_above_break,20,True,1.0,0.0,0.0,-10.213948911343827,-10.213948911343827,-1.0213948911343826,-1.0213948911343826
TUTUSDT,retest,close_above_break,20,True,8.0,25.0,0.5952782613722003,-3.1204447498469694,-10.226471049309886,-0.312044474984697,-1.0226471049309886
TWTUSDT,retest,close_above_break,20,True,5.0,40.0,0.7438387546999015,-1.6111554669801218,-10.377671460284224,-0.16111554669801223,-1.0377671460284223
UMAUSDT,retest,close_above_break,20,True,1.0,0.0,0.0,-10.25031382825144,-10.25031382825144,-1.0250313828251438,-1.0250313828251438
USTCUSDT,retest,close_above_break,20,True,5.0,0.0,0.0,-10.174601881307089,-10.125884245910155,-1.017460188130709,-1.0125884245910155
USUALUSDT,retest,close_above_break,20,True,3.0,0.0,0.0,-7.131625784642382,-10.107555201819814,-0.7131625784642383,-1.0107555201819811
UXLINKUSDT,retest,close_above_break,20,True,2.0,0.0,0.0,-10.31884605438721,-10.31884605438721,-1.0318846054387212,-1.0318846054387212
VANAUSDT,retest,close_above_break,20,True,3.0,0.0,0.0,-10.296904531187133,-10.272215208925166,-1.0296904531187132,-1.0272215208925166
VANRYUSDT,retest,close_above_break,20,True,3.0,66.66666666666666,7.783620529544864,23.064687212653045,39.634118044980006,2.3064687212653046,3.963411804498001
VELOUSDT,retest,close_above_break,20,True,3.0,0.0,0.0,-10.484113215478844,-10.499559538237852,-1.0484113215478843,-1.0499559538237853
VETUSDT,retest,close_above_break,20,True,4.0,75.0,8.17128419640854,18.677311774113146,22.752535914887467,1.8677311774113146,2.2752535914887466
VICUSDT,retest,close_above_break,20,True,1.0,100.0,,39.56982982296679,39.56982982296679,3.956982982296679,3.956982982296679
VINEUSDT,retest,close_above_break,20,True,3.0,0.0,0.0,-10.086320458623442,-10.085094296417283,-1.0086320458623446,-1.0085094296417283
VIRTUALUSDT,retest,close_above_break,20,True,4.0,50.0,3.890055446307232,14.772145118555859,14.754967542270535,1.4772145118555855,1.4754967542270534
VOXELUSDT,retest,close_above_break,20,True,1.0,0.0,0.0,-10.17887243773297,-10.17887243773297,-1.017887243773297,-1.017887243773297
VTHOUSDT,retest,close_above_break,20,True,1.0,100.0,,39.32440991515276,39.32440991515276,3.932440991515276,3.932440991515276
VVVUSDT,retest,close_above_break,20,True,3.0,0.0,0.0,-10.232985263309828,-10.227472328830832,-1.0232985263309828,-1.0227472328830831
WALUSDT,retest,close_above_break,20,True,2.0,0.0,0.0,-10.359893701364886,-10.359893701364886,-1.0359893701364886,-1.0359893701364886
WAVESUSDT,retest,close_above_break,20,True,3.0,0.0,0.0,-10.271870632034116,-10.31973484184943,-1.0271870632034115,-1.031973484184943
WCTUSDT,retest,close_above_break,20,True,3.0,66.66666666666666,7.801649753817773,23.124388503832602,39.744228477083055,2.31243885038326,3.9744228477083055
WIFUSDT,retest,close_above_break,20,True,3.0,66.66666666666666,7.835080374514029,23.14479361235131,39.77548028896548,2.314479361235131,3.977548028896548
WLDUSDT,retest,close_above_break,20,True,5.0,40.0,1.739997326397669,4.5483992426608095,-10.183910168276684,0.45483992426608105,-1.0183910168276684
WOOUSDT,retest,close_above_break,20,True,6.0,16.666666666666664,0.7658496561084508,-2.0101607851947056,-10.278724038542558,-0.20101607851947054,-1.0278724038542557
WUSDT,retest,close_above_break,20,True,4.0,75.0,10.725263778915402,24.8543584428877,34.97508436757329,2.48543584428877,3.497508436757329
XAIUSDT,retest,close_above_break,20,True,1.0,100.0,,39.78969934929302,39.78969934929302,3.978969934929302,3.978969934929302
XAUTUSDT,retest,close_above_break,20,True,4.0,0.0,0.0,-11.975903246505156,-12.05056229925647,-1.1975903246505157,-1.2050562299256469
XCNUSDT,retest,close_above_break,20,True,4.0,50.0,3.927377889551904,14.868421481875009,14.876287911829612,1.4868421481875012,1.4876287911829613
XDCUSDT,retest,close_above_break,20,True,2.0,50.0,3.8439175730585142,14.687146108329898,14.687146108329898,1.4687146108329898,1.4687146108329898
XIONUSDT,retest,close_above_break,20,True,6.0,50.0,5.268781376173944,16.095144083028494,18.710034374085694,1.6095144083028492,1.8710034374085696
XLMUSDT,retest,close_above_break,20,True,3.0,100.0,,39.51939124562771,39.54073023764352,3.9519391245627715,3.954073023764352
XMRUSDT,retest,close_above_break,20,True,7.0,28.57142857142857,0.5449854917863413,-3.3891540098607607,-10.35884843555958,-0.33891540098607614,-1.0358848435559582
XRPUSDT,retest,close_above_break,20,True,4.0,25.0,1.2527686268543123,1.9745675505752285,-10.305989191503986,0.19745675505752325,-1.0305989191503984
XTERUSDT,retest,close_above_break,20,True,2.0,0.0,0.0,-10.395476857370749,-10.395476857370749,-1.0395476857370751,-1.0395476857370751
XTZUSDT,retest,close_above_break,20,True,3.0,100.0,,35.01746650761333,39.175078727821,3.501746650761333,3.9175078727821
XVGUSDT,retest,close_above_break,20,True,5.0,20.0,0.9624133362014681,-0.3092688162996364,-10.217842188917906,-0.030926881629963664,-1.0217842188917907
YFIUSDT,retest,close_above_break,20,True,3.0,66.66666666666666,6.829398537114845,20.099901164281924,31.16491870571594,2.009990116428192,3.1164918705715943
YGGUSDT,retest,close_above_break,20,True,1.0,0.0,0.0,-10.125185185893004,-10.125185185893004,-1.0125185185893004,-1.0125185185893004
ZBCNUSDT,retest,close_above_break,20,True,11.0,63.63636363636363,5.057909407346603,14.947895555683347,20.76058799406016,1.494789555568335,2.076058799406016
ZECUSDT,retest,close_above_break,20,True,7.0,28.57142857142857,1.1318542028848193,0.9673284856045333,-10.24983673411601,0.09673284856045343,-1.0249836734116011
ZENUSDT,retest,close_above_break,20,True,3.0,33.33333333333333,1.0569793023536656,0.389097072173944,-10.188450413875795,0.038909707217394285,-1.0188450413875798
ZETAUSDT,retest,close_above_break,20,True,3.0,66.66666666666666,4.908391319533534,13.355745024428861,10.923107640823249,1.335574502442886,1.0923107640823249
ZEUSUSDT,retest,close_above_break,20,True,1.0,0.0,0.0,-10.171342959341166,-10.171342959341166,-1.0171342959341163,-1.0171342959341163
ZILUSDT,retest,close_above_break,20,True,5.0,60.0,3.9157409572239517,12.16959568047599,2.8423857211831454,1.216959568047599,0.2842385721183145
ZORAUSDT,retest,close_above_break,20,True,2.0,50.0,10.72227787385892,18.08573576498598,18.08573576498598,1.8085735764985977,1.8085735764985977
ZRCUSDT,retest,close_above_break,20,True,1.0,100.0,,2.670919544340082,2.670919544340082,0.2670919544340082,0.2670919544340082
ZROUSDT,retest,close_above_break,20,True,4.0,0.0,0.0,-10.28064526582178,-10.2848616687145,-1.028064526582178,-1.02848616687145
ZRXUSDT,retest,close_above_break,20,True,2.0,100.0,,8.568211677876153,8.568211677876153,0.8568211677876153,0.8568211677876153
